random_id,participant_id,n
p01pepaop6w,gorilla,442
p0c3y7vydr1,raccoon,442
p0uwu2pmdrx,llama,442
p159pw1yfrp,2341,442
p1do82kqf48,squirrel,442
p2pxoypm5n6,antelope,442
p32p2a4fdbw,herson,442
p3byua2l2w5,eagle,442
p3vxfhd3zr8,moose,442
p49qjge5k3r,Beaver,442
p4t2a7cphcu,kangaroo,442
p6k37xnjjoz,panda,442
p6lubobgwfr,koala,442
p6xl036oqq0,penguin,442
p7pth7yjlry,pelican,442
p9gaua7n50t,A1,442
pb28mlq07mx,otter,442
pcsplmypgbo,cheetah,442
pczzlpcvrs0,manatee,442
pd5pthroaou,hedgehog,442
pd7te4rv8m5,turtle,442
pdok71gr219,cricket,442
pgfjabr4hpf,badger,442
phpbsvpjdr8,shrew123,442
pm9rorbldaw,shark,442
pt67jxgw74e,seal,442
pu7p7uv6k6t,trex,442
puza1jfd4px,axolotl,442
pv2ysadqlm6,A17689315,442
pvxlvt7jqr5,hyena,442
pwcpfs7mks5,lion,442
pwka4tvygb7,gazelle,442
pwz4c7mpd1d,flamingo,442
px12rofgcow,rhino,442
py5b20xboc1,falcon,442
